epoch,time,train/box_loss,train/cls_loss,train/dfl_loss,metrics/precision(B),metrics/recall(B),metrics/mAP50(B),metrics/mAP50-95(B),val/box_loss,val/cls_loss,val/dfl_loss,lr/pg0,lr/pg1,lr/pg2
1,11.4705,1.5694,4.3131,1.31266,0.00297,0.8835,0.02704,0.00787,1.36389,4.57587,1.22047,0.000633333,0.000633333,0.000633333
2,18.7541,1.57581,3.22825,1.3433,0.00244,0.72492,0.00257,0.00098,1.53504,4.63979,1.39009,0.00128713,0.00128713,0.00128713
3,28.7845,1.50049,2.85271,1.30431,0.00054,0.16181,9e-05,2e-05,2.41709,5.77472,2.32235,0.00192773,0.00192773,0.00192773
4,37.1641,1.46738,2.79689,1.28177,0.005,0.11974,0.00641,0.00303,1.77579,8.8404,1.66853,0.0019406,0.0019406,0.0019406
5,45.6105,1.34925,2.33311,1.25934,0.09019,0.05825,0.03508,0.02256,1.65746,4.03006,1.57101,0.0019208,0.0019208,0.0019208
6,54.4747,1.47315,2.22269,1.29643,0.00708,0.0712,0.00241,0.00134,1.71419,12.1995,1.67631,0.001901,0.001901,0.001901
7,62.3169,1.37947,2.13182,1.25601,0.44618,0.46602,0.44039,0.30588,1.29286,2.68296,1.31928,0.0018812,0.0018812,0.0018812
8,71.6343,1.38745,2.06169,1.24921,0.53833,0.4822,0.54968,0.36398,1.24802,2.27542,1.25069,0.0018614,0.0018614,0.0018614
9,78.8756,1.29279,1.6885,1.21792,0.63169,0.52731,0.57967,0.38364,1.22424,2.06651,1.2508,0.0018416,0.0018416,0.0018416
10,88.196,1.30779,1.69956,1.2341,0.56817,0.56631,0.59273,0.39359,1.23123,2.00161,1.26669,0.0018218,0.0018218,0.0018218
11,95.4599,1.26404,1.72125,1.20916,0.69922,0.5178,0.60632,0.3964,1.23051,2.05239,1.22948,0.001802,0.001802,0.001802
12,105.606,1.30417,1.60457,1.21528,0.76644,0.39295,0.51691,0.34148,1.19179,2.70398,1.20615,0.0017822,0.0017822,0.0017822
13,112.771,1.17449,1.53661,1.17964,0.66615,0.59871,0.63771,0.44153,1.14517,1.79444,1.19237,0.0017624,0.0017624,0.0017624
14,122.652,1.30537,1.54762,1.29286,0.54212,0.43042,0.49301,0.36044,1.16699,2.82919,1.20689,0.0017426,0.0017426,0.0017426
15,130.143,1.28974,1.42957,1.22839,0.67747,0.60841,0.68029,0.46853,1.14159,2.07428,1.21221,0.0017228,0.0017228,0.0017228
16,139.082,1.20442,1.34329,1.18621,0.7368,0.6704,0.75809,0.53481,1.0951,2.61799,1.17636,0.001703,0.001703,0.001703
17,147.191,1.20544,1.34905,1.18936,0.75889,0.68608,0.75831,0.55379,1.03503,1.41042,1.13961,0.0016832,0.0016832,0.0016832
18,155.395,1.17251,1.30799,1.16882,0.79113,0.66667,0.77471,0.5688,1.03909,1.28333,1.14675,0.0016634,0.0016634,0.0016634
19,164.507,1.19069,1.25469,1.20856,0.74364,0.71521,0.78113,0.54928,1.13433,1.31972,1.1648,0.0016436,0.0016436,0.0016436
20,171.971,1.18428,1.2767,1.18468,0.79501,0.67777,0.76699,0.50876,1.12045,1.29789,1.16976,0.0016238,0.0016238,0.0016238
21,181.209,1.10847,1.12377,1.14453,0.77804,0.66931,0.75141,0.53052,1.08604,1.28629,1.14526,0.001604,0.001604,0.001604
22,188.441,1.25754,1.26215,1.23574,0.83918,0.68285,0.81139,0.57035,1.02155,1.1412,1.11701,0.0015842,0.0015842,0.0015842
23,197.851,1.19411,1.29446,1.14536,0.79303,0.72816,0.81776,0.56369,1.12766,1.20645,1.15054,0.0015644,0.0015644,0.0015644
24,205.075,1.16556,1.20614,1.15226,0.83575,0.76052,0.87279,0.6329,0.97287,1.18912,1.07911,0.0015446,0.0015446,0.0015446
25,214.658,1.0631,1.16375,1.11177,0.84309,0.71521,0.79947,0.58291,0.98088,1.17842,1.09573,0.0015248,0.0015248,0.0015248
26,221.778,1.1243,1.09555,1.15552,0.87432,0.77023,0.87945,0.64208,0.99742,1.07086,1.10453,0.001505,0.001505,0.001505
27,231.209,1.0779,1.02532,1.10897,0.75795,0.54724,0.66168,0.47917,1.06587,1.4632,1.14375,0.0014852,0.0014852,0.0014852
28,238.335,1.12352,1.10588,1.16207,0.86404,0.82201,0.8963,0.65428,0.98529,1.02417,1.10055,0.0014654,0.0014654,0.0014654
29,247.822,1.03975,1.06755,1.07866,0.88576,0.7055,0.83162,0.60033,1.01646,1.06613,1.12712,0.0014456,0.0014456,0.0014456
30,255.283,1.12601,1.16983,1.13778,0.88999,0.81163,0.89638,0.6575,0.97378,0.93475,1.08699,0.0014258,0.0014258,0.0014258
31,264.343,1.06493,1.01546,1.11635,0.90152,0.82201,0.91383,0.65495,0.99144,0.86328,1.10514,0.001406,0.001406,0.001406
32,272.163,1.04254,0.95674,1.10939,0.84679,0.80493,0.88215,0.64626,0.99486,0.90896,1.10564,0.0013862,0.0013862,0.0013862
33,280.515,1.01891,1.03343,1.06046,0.89077,0.84452,0.93681,0.6999,0.90551,0.79058,1.05332,0.0013664,0.0013664,0.0013664
34,288.804,1.01256,0.92497,1.08821,0.93649,0.85896,0.93976,0.72463,0.85858,0.77378,1.03981,0.0013466,0.0013466,0.0013466
35,296.769,0.98186,0.89863,1.07379,0.81958,0.75728,0.85746,0.6402,0.96785,0.96744,1.10139,0.0013268,0.0013268,0.0013268
36,305.442,0.99002,0.87385,1.05829,0.9114,0.87379,0.93614,0.69568,0.95106,0.7791,1.07823,0.001307,0.001307,0.001307
37,312.936,1.0637,0.99092,1.12682,0.88036,0.85113,0.92262,0.70563,0.87287,0.89106,1.04865,0.0012872,0.0012872,0.0012872
38,321.737,1.02656,0.95991,1.111,0.83973,0.8835,0.91644,0.6642,0.97542,0.91021,1.09894,0.0012674,0.0012674,0.0012674
39,329.186,0.99477,1.06295,1.08128,0.85628,0.86767,0.92928,0.70325,0.86545,0.86259,1.04057,0.0012476,0.0012476,0.0012476
40,338.552,0.99242,0.90174,1.06517,0.92323,0.89512,0.9558,0.74923,0.80755,0.67174,1.00574,0.0012278,0.0012278,0.0012278
41,345.596,0.97455,0.888,1.07109,0.93229,0.89121,0.9578,0.75907,0.80618,0.65493,1.00341,0.001208,0.001208,0.001208
42,355.045,0.98653,0.8316,1.07205,0.89801,0.91183,0.95889,0.73402,0.86811,0.7051,1.02889,0.0011882,0.0011882,0.0011882
43,362.365,0.9847,0.79668,1.08054,0.94284,0.87055,0.95551,0.72595,0.8656,0.74263,1.03056,0.0011684,0.0011684,0.0011684
44,371.656,0.91339,0.77436,1.02334,0.88112,0.88751,0.94474,0.74782,0.81834,0.67855,0.99254,0.0011486,0.0011486,0.0011486
45,378.721,0.98631,0.79175,1.04525,0.95974,0.88673,0.96358,0.76157,0.81434,0.64352,0.99562,0.0011288,0.0011288,0.0011288
46,388.064,0.93397,0.74763,1.03764,0.91039,0.82195,0.88784,0.69042,0.8773,0.88631,1.05778,0.001109,0.001109,0.001109
47,395.097,0.95313,0.81331,1.08419,0.89908,0.8932,0.95002,0.75125,0.79759,0.80351,0.99482,0.0010892,0.0010892,0.0010892
48,404.552,0.91332,0.82976,1.05034,0.84836,0.90528,0.94582,0.74048,0.83525,0.75401,1.01739,0.0010694,0.0010694,0.0010694
49,411.69,0.96822,0.77736,1.08153,0.79377,0.7767,0.81769,0.62163,0.93336,1.0421,1.08004,0.0010496,0.0010496,0.0010496
50,421.101,0.93093,0.71913,1.02044,0.90035,0.79935,0.8985,0.69278,0.87874,0.81112,1.04767,0.0010298,0.0010298,0.0010298
51,428.484,0.91016,0.78625,1.03447,0.89271,0.91552,0.95768,0.75695,0.812,0.64734,1.00274,0.00101,0.00101,0.00101
52,437.723,0.90638,0.76182,1.04997,0.92237,0.88436,0.95015,0.74744,0.80047,0.66597,1.00338,0.0009902,0.0009902,0.0009902
53,445.575,0.90953,0.75734,1.01818,0.93286,0.94175,0.97209,0.78211,0.75855,0.63296,0.9713,0.0009704,0.0009704,0.0009704
54,454.422,0.8696,0.67498,1.00087,0.95928,0.96764,0.98659,0.80299,0.73605,0.52802,0.94889,0.0009506,0.0009506,0.0009506
55,462.791,0.89984,0.70886,1.02166,0.961,0.95793,0.9885,0.79756,0.72276,0.52765,0.94515,0.0009308,0.0009308,0.0009308
56,471.08,0.87919,0.7507,0.99812,0.96711,0.95793,0.98836,0.80804,0.71627,0.53256,0.94375,0.000911,0.000911,0.000911
57,479.653,0.88358,0.69701,0.98591,0.97278,0.94175,0.98463,0.78624,0.77932,0.52908,0.96723,0.0008912,0.0008912,0.0008912
58,487.742,0.8569,0.68627,1.00999,0.96426,0.96032,0.9872,0.80682,0.72778,0.5197,0.93993,0.0008714,0.0008714,0.0008714
59,496.688,0.89982,0.68027,1.00418,0.97179,0.93528,0.98317,0.79829,0.75153,0.53397,0.94837,0.0008516,0.0008516,0.0008516
60,504.209,0.82502,0.6408,0.98648,0.97073,0.93851,0.98005,0.80629,0.7298,0.51179,0.93675,0.0008318,0.0008318,0.0008318
61,513.486,0.86902,0.66782,1.00169,0.96299,0.92619,0.98002,0.78819,0.76537,0.54734,0.96396,0.000812,0.000812,0.000812
62,520.734,0.84407,0.66442,0.99499,0.9705,0.95805,0.98805,0.803,0.704,0.49204,0.94136,0.0007922,0.0007922,0.0007922
63,530.156,0.84618,0.65778,0.9892,0.92711,0.94675,0.98227,0.80339,0.72772,0.52891,0.9638,0.0007724,0.0007724,0.0007724
64,537.366,0.90415,0.73197,1.04073,0.99005,0.96589,0.99265,0.81346,0.71185,0.47864,0.94157,0.0007526,0.0007526,0.0007526
65,546.806,0.77967,0.78762,0.93715,0.97861,0.97087,0.99173,0.80284,0.75019,0.4874,0.96388,0.0007328,0.0007328,0.0007328
66,553.959,0.89153,0.7499,1.04641,0.97388,0.96536,0.9917,0.82084,0.67889,0.49392,0.92645,0.000713,0.000713,0.000713
67,563.363,0.81465,0.60782,0.97559,0.97243,0.94498,0.98723,0.83163,0.67149,0.56653,0.91853,0.0006932,0.0006932,0.0006932
68,570.565,0.86582,0.65815,1.00295,0.98552,0.9644,0.99152,0.81961,0.67298,0.48477,0.9167,0.0006734,0.0006734,0.0006734
69,580.115,0.78448,0.59109,0.94907,0.9773,0.97516,0.9928,0.82866,0.6636,0.46256,0.91735,0.0006536,0.0006536,0.0006536
70,587.443,0.8059,0.63432,0.96385,0.9832,0.94719,0.98762,0.82145,0.66499,0.48666,0.92638,0.0006338,0.0006338,0.0006338
71,596.884,0.80442,0.60472,0.96984,0.98537,0.9644,0.99058,0.82042,0.67105,0.45187,0.92103,0.000614,0.000614,0.000614
72,604.51,0.8047,0.62444,0.97867,0.96149,0.96954,0.98893,0.82893,0.67212,0.45723,0.92626,0.0005942,0.0005942,0.0005942
73,613.432,0.81255,0.60498,0.97525,0.97939,0.97087,0.99327,0.83598,0.63386,0.42526,0.90379,0.0005744,0.0005744,0.0005744
74,621.522,0.78215,0.57485,0.97701,0.9821,0.96764,0.99254,0.84282,0.62991,0.43271,0.90368,0.0005546,0.0005546,0.0005546
75,629.878,0.71513,0.54023,0.93544,0.97544,0.97735,0.99201,0.843,0.61018,0.43623,0.89088,0.0005348,0.0005348,0.0005348
76,638.044,0.7255,0.55387,0.95864,0.98594,0.97087,0.98893,0.84492,0.60735,0.42618,0.88608,0.000515,0.000515,0.000515
77,646.093,0.79029,0.57749,0.97067,0.99013,0.97419,0.99255,0.84501,0.60858,0.4247,0.88813,0.0004952,0.0004952,0.0004952
78,654.623,0.77676,0.55698,0.97141,0.98313,0.97735,0.99199,0.84571,0.59888,0.42064,0.88862,0.0004754,0.0004754,0.0004754
79,662.369,0.79196,0.60645,1.01173,0.99148,0.97735,0.99105,0.84875,0.59223,0.41495,0.8825,0.0004556,0.0004556,0.0004556
80,671.645,0.77788,0.56561,0.96624,0.98855,0.97411,0.9941,0.82855,0.66383,0.42739,0.91541,0.0004358,0.0004358,0.0004358
81,678.931,0.7132,0.52866,0.94381,0.99671,0.98039,0.99471,0.85443,0.59987,0.39436,0.89265,0.000416,0.000416,0.000416
82,688.291,0.71351,0.54237,0.94358,0.9999,0.98382,0.99487,0.85477,0.58549,0.38655,0.88132,0.0003962,0.0003962,0.0003962
83,695.389,0.73116,0.53557,0.94927,0.99672,0.98355,0.99442,0.85707,0.59076,0.3946,0.88318,0.0003764,0.0003764,0.0003764
84,704.831,0.69715,0.51868,0.9343,0.99022,0.98349,0.99458,0.86016,0.59316,0.39445,0.88433,0.0003566,0.0003566,0.0003566
85,712.077,0.74096,0.51902,0.95352,0.98882,0.98706,0.99436,0.85115,0.59878,0.39891,0.88459,0.0003368,0.0003368,0.0003368
86,721.403,0.71447,0.51652,0.92298,0.9951,0.98382,0.99481,0.86197,0.58074,0.38861,0.87803,0.000317,0.000317,0.000317
87,728.603,0.69103,0.50111,0.93831,1,0.98908,0.995,0.8653,0.57069,0.3712,0.87249,0.0002972,0.0002972,0.0002972
88,738.279,0.66571,0.50815,0.931,0.99598,0.98706,0.99484,0.86213,0.56706,0.37406,0.86877,0.0002774,0.0002774,0.0002774
89,745.57,0.68046,0.49079,0.92396,0.99741,0.97735,0.99471,0.86803,0.55228,0.36538,0.86694,0.0002576,0.0002576,0.0002576
90,754.993,0.73259,0.52445,0.95459,0.99702,0.97735,0.99426,0.85822,0.57388,0.37677,0.87374,0.0002378,0.0002378,0.0002378
91,765.227,0.61517,0.42382,0.8947,0.99215,0.98706,0.9949,0.86796,0.55381,0.37049,0.86296,0.000218,0.000218,0.000218
92,773.456,0.64608,0.50544,0.91236,0.99915,0.98382,0.9949,0.87197,0.53665,0.36721,0.85477,0.0001982,0.0001982,0.0001982
93,781.602,0.5816,0.40983,0.8817,0.99887,0.98382,0.9949,0.8739,0.5338,0.36282,0.85727,0.0001784,0.0001784,0.0001784
94,789.701,0.60055,0.41765,0.89391,0.98619,0.99029,0.99484,0.87779,0.52803,0.36409,0.85194,0.0001586,0.0001586,0.0001586
95,797.813,0.57872,0.3865,0.88232,0.98688,0.99029,0.99474,0.88004,0.52611,0.37111,0.85113,0.0001388,0.0001388,0.0001388
96,805.708,0.59761,0.38913,0.90294,0.99189,0.98706,0.99487,0.8817,0.52257,0.36056,0.85173,0.000119,0.000119,0.000119
97,813.843,0.58768,0.42295,0.88031,0.99551,0.98382,0.99477,0.88068,0.516,0.35116,0.84997,9.92e-05,9.92e-05,9.92e-05
98,821.532,0.56194,0.37568,0.87743,0.99672,0.98312,0.99478,0.88329,0.51131,0.34826,0.84769,7.94e-05,7.94e-05,7.94e-05
99,829.512,0.54406,0.38532,0.87823,0.99746,0.98382,0.99481,0.88828,0.50273,0.34212,0.84432,5.96e-05,5.96e-05,5.96e-05
100,837.458,0.58281,0.37281,0.87248,0.99673,0.98638,0.99481,0.889,0.49711,0.33931,0.84218,3.98e-05,3.98e-05,3.98e-05
